epoch,acc,categorical_accuracy,loss,lr
0,0.41492000222206116,0.41492000222206116,1.6400249004364014,0.001
